symbol,name,last,iopv,discount_rate_pct,volume,amount,turnover_pct,bid1,ask1,data_date,updated_at,source,source_priority,ingested_at_utc,mid,bid_ask_spread_pct,last_iopv_premium_pct,mid_iopv_premium_pct
159501,纳指ETF嘉实,2.11,1.8749,-12.54,319337.0,67369116.1,0.47,2.11,2.111,2026-09-07,2026-09-07 15:34:54+08:00,akshare:eastmoney:fund_etf_spot_em,10,2026-09-07T16:03:21+00:00,,,,
159501,纳指ETF嘉实,2.11,1.8753,-12.52,,,0.0,,,2026-09-08,2026-09-08 10:21:51+08:00,akshare:eastmoney:fund_etf_spot_em,10,2026-09-08T02:22:18+00:00,,,12.515330880392472,
159513,纳斯达克100ETF大成,1.819,1.6675,-9.09,950880.0,172754557.2,2.06,1.819,1.82,2026-09-07,2026-09-07 15:34:06+08:00,akshare:eastmoney:fund_etf_spot_em,10,2026-09-07T16:03:21+00:00,,,,
159513,纳斯达克100ETF大成,1.819,1.6669,-9.12,300361.0,54634942.5,0.65,1.818,1.819,2026-09-08,2026-09-08 10:22:03+08:00,akshare:eastmoney:fund_etf_spot_em,10,2026-09-08T02:22:18+00:00,1.8185,0.05499037668407423,9.124722538844555,9.094726738256643
159632,纳斯达克ETF华安,2.479,2.267,-9.35,921335.0,228225350.621,1.84,2.479,2.48,2026-09-07,2026-09-07 15:34:30+08:00,akshare:eastmoney:fund_etf_spot_em,10,2026-09-07T16:03:21+00:00,,,,
159632,纳斯达克ETF华安,2.482,2.2673,-9.47,267370.0,66319589.2,0.53,2.481,2.482,2026-09-08,2026-09-08 10:21:57+08:00,akshare:eastmoney:fund_etf_spot_em,10,2026-09-08T02:22:18+00:00,2.4815,0.040298206729813976,9.469412958144051,9.447360296387775
159659,纳斯达克100ETF招商,2.365,2.1562,-9.68,570012.0,134505172.974,1.25,2.364,2.365,2026-09-07,2026-09-07 15:34:18+08:00,akshare:eastmoney:fund_etf_spot_em,10,2026-09-07T16:03:21+00:00,,,,
159659,纳斯达克100ETF招商,2.368,2.1567,-9.8,175934.0,41639948.2,0.38,2.367,2.368,2026-09-08,2026-09-08 10:22:03+08:00,akshare:eastmoney:fund_etf_spot_em,10,2026-09-08T02:22:18+00:00,2.3674999999999997,0.04223864836324773,9.79737562016043,9.774192052673069
159660,纳指ETF汇添富,2.385,2.1815,-9.33,457670.0,109023879.5,2.0,2.385,2.386,2026-09-07,2026-09-07 15:34:21+08:00,akshare:eastmoney:fund_etf_spot_em,10,2026-09-07T16:03:21+00:00,,,,
159660,纳指ETF汇添富,2.385,2.1819,-9.31,427973.0,102052347.6,1.87,2.384,2.385,2026-09-08,2026-09-08 10:22:03+08:00,akshare:eastmoney:fund_etf_spot_em,10,2026-09-08T02:22:18+00:00,2.3845,0.04193751310546822,9.308400934964922,9.285485127641046
159696,纳指ETF易方达,2.048,1.8581,-10.22,461866.0,94400559.2,1.61,2.048,2.049,2026-09-07,2026-09-07 15:34:06+08:00,akshare:eastmoney:fund_etf_spot_em,10,2026-09-07T16:03:21+00:00,,,,
159696,纳指ETF易方达,2.048,1.8586,-10.19,,,0.0,,,2026-09-08,2026-09-08 10:21:42+08:00,akshare:eastmoney:fund_etf_spot_em,10,2026-09-08T02:22:18+00:00,,,10.190465942106952,
159941,纳指ETF广发,1.668,1.4945,-11.61,3653112.0,609952446.659,1.62,1.668,1.669,2026-09-07,2026-09-07 15:34:51+08:00,akshare:eastmoney:fund_etf_spot_em,10,2026-09-07T16:03:21+00:00,,,,
159941,纳指ETF广发,1.668,1.4949,-11.58,,,0.0,,,2026-09-08,2026-09-08 10:21:12+08:00,akshare:eastmoney:fund_etf_spot_em,10,2026-09-08T02:22:18+00:00,,,11.579369857515553,
513100,纳指ETF国泰,2.236,1.9965,-12.0,1138153.0,254128901.0,1.2,2.235,2.236,2026-09-07,2026-09-07 16:11:50+08:00,akshare:eastmoney:fund_etf_spot_em,10,2026-09-07T16:03:21+00:00,,,,
513100,纳指ETF国泰,,1.9965,,,,0.0,,,2026-09-08,2026-09-08 08:30:25+08:00,akshare:eastmoney:fund_etf_spot_em,10,2026-09-08T01:28:06+00:00,,,,
513110,纳指ETF华泰柏瑞,2.505,2.2919,-9.3,599794.0,150018174.0,2.72,2.504,2.505,2026-09-07,2026-09-07 16:11:36+08:00,akshare:eastmoney:fund_etf_spot_em,10,2026-09-07T16:03:21+00:00,,,,
513110,纳指ETF华泰柏瑞,2.507,2.2923,-9.37,112969.0,28322653.0,0.51,2.507,2.508,2026-09-08,2026-09-08 10:21:58+08:00,akshare:eastmoney:fund_etf_spot_em,10,2026-09-08T02:22:18+00:00,2.5075000000000003,0.03988035892322591,9.366138812546353,9.387950966278424
513300,纳斯达克ETF华夏,2.708,2.4682,-9.72,1206775.0,326282841.0,2.26,2.707,2.708,2026-09-07,2026-09-07 16:11:48+08:00,akshare:eastmoney:fund_etf_spot_em,10,2026-09-07T16:03:21+00:00,,,,
513300,纳斯达克ETF华夏,2.712,2.4684,-9.87,264937.0,71821134.0,0.5,2.711,2.712,2026-09-08,2026-09-08 10:21:17+08:00,akshare:eastmoney:fund_etf_spot_em,10,2026-09-08T02:22:18+00:00,2.7115,0.036879955744065426,9.868740884783666,9.848484848484862
513390,纳指100ETF博时,2.45,2.2405,-9.35,552510.0,135161401.0,2.57,2.449,2.45,2026-09-07,2026-09-07 16:11:35+08:00,akshare:eastmoney:fund_etf_spot_em,10,2026-09-07T16:03:21+00:00,,,,
513390,纳指100ETF博时,2.451,2.2412,-9.36,144380.0,35380104.0,0.67,2.451,2.452,2026-09-08,2026-09-08 10:21:59+08:00,akshare:eastmoney:fund_etf_spot_em,10,2026-09-08T02:22:18+00:00,2.4515000000000002,0.04079135223332204,9.361056576833837,9.38336605389971
513870,纳指ETF富国,2.08,1.9008,-9.43,388999.0,80858219.0,2.82,2.08,2.081,2026-09-07,2026-09-07 16:11:57+08:00,akshare:eastmoney:fund_etf_spot_em,10,2026-09-07T16:03:21+00:00,,,,
513870,纳指ETF富国,2.082,1.9012,-9.51,89282.0,18587455.0,0.65,2.081,2.082,2026-09-08,2026-09-08 10:21:55+08:00,akshare:eastmoney:fund_etf_spot_em,10,2026-09-08T02:22:18+00:00,2.0815,0.048042277203934176,9.509783294761199,9.483484115295603
