pair,symbol_i,symbol_j,date,common_nav_date,aligned_observations,d,median60,z,half_life,adf_p,kpss_p,stability_ratio,expected_convergence_5d,assumed_rotation_cost,cost_method,net_expected_convergence_5d,signal_count,adjusted_win_rate_5d,median_realized_net_alpha_5d,p25_realized_net_alpha_5d,regime,pair_liquidity_score,pair_score_coverage,pair_score,rotate_in,rotate_out,signal,gates,adf_fdr_q
159941-159696,159941,159696,2026-09-07,2026-09-03,300,0.01255502575553652,0.0059892564281346095,0.8134291892653736,2.107566496870404,0.0005949447403814577,0.0250011799408132,1.0,0.006288858999254975,0.0015,ASSUMED_COST,0.004788858999254976,8,0.5444444444444444,0.0008738382967535831,2.2301753217714073e-05,CAUTION,17.892156862745097,1.0,44.69259159800714,159696,159941,WATCH,"{""adf_fdr"": true, ""aligned_history"": true, ""execution_readiness"": false, ""expected_edge"": false, ""half_life"": true, ""historical_win_rate"": false, ""model_readiness"": true, ""regime"": true, ""stationarity"": true, ""z"": false}",0.004898257055125924
159632-513300,159632,513300,2026-09-07,2026-09-03,300,-0.002526535702106064,-0.00523722631595783,0.7225572966025201,1.479298617292879,0.002332687733608738,0.1,1.0,0.0021563300802804547,0.0015,ASSUMED_COST,0.0006563300802804547,5,0.5277777777777778,0.002783731063484897,0.0015106635508331258,NORMAL,72.91666666666666,1.0,42.57490965232444,513300,159632,NO TRADE,"{""adf_fdr"": true, ""aligned_history"": true, ""execution_readiness"": true, ""expected_edge"": false, ""half_life"": true, ""historical_win_rate"": false, ""model_readiness"": true, ""regime"": true, ""stationarity"": true, ""z"": false}",0.009622336901136045
513100-513870,513100,513870,2026-09-07,2026-09-03,300,0.023415057874032447,0.01960064145420531,0.8604819456981077,2.431189629879171,0.0038367016624962134,0.01,1.0,0.003785234291407681,0.0015,ASSUMED_COST,0.002285234291407681,6,0.56,0.006790546221552509,0.0024934547399320397,NORMAL,38.541666666666664,1.0,42.5579688463302,513870,513100,WATCH,"{""adf_fdr"": true, ""aligned_history"": true, ""execution_readiness"": false, ""expected_edge"": false, ""half_life"": true, ""historical_win_rate"": false, ""model_readiness"": true, ""regime"": true, ""stationarity"": true, ""z"": false}",0.013445691746907169
159941-159513,159941,159513,2026-09-07,2026-09-03,300,0.022579302260660752,0.018158398586651005,0.7815370290421427,4.541876249032307,0.042600067781377954,0.01,1.0,0.004215564116579126,0.0015,ASSUMED_COST,0.0027155641165791263,8,0.5666666666666667,0.0056355654351383806,0.0026282326371972766,CAUTION,61.66666666666666,1.0,42.11319532027155,159513,159941,WATCH,"{""adf_fdr"": true, ""aligned_history"": true, ""execution_readiness"": false, ""expected_edge"": false, ""half_life"": true, ""historical_win_rate"": false, ""model_readiness"": true, ""regime"": true, ""stationarity"": true, ""z"": false}",0.06694296365645107
159941-513100,159941,513100,2026-09-07,2026-09-03,300,-0.0036565642129905984,-0.005107628066541574,0.43057860371768464,2.168475090808892,0.0006545845781073693,0.01,1.0,0.0026868720150281166,0.0015,ASSUMED_COST,0.0011868720150281166,6,0.5,-8.959133580398269e-06,-0.002785267643437671,NORMAL,64.95098039215688,1.0,41.19577695979717,513100,159941,WATCH,"{""adf_fdr"": true, ""aligned_history"": true, ""execution_readiness"": false, ""expected_edge"": false, ""half_life"": true, ""historical_win_rate"": false, ""model_readiness"": true, ""regime"": true, ""stationarity"": true, ""z"": false}",0.004898257055125924
159513-513100,159513,513100,2026-09-07,2026-09-03,300,-0.02623586647365135,-0.02403702415136747,-0.4059416290315021,3.1421431329215843,0.0013021875075807487,0.01,1.0,0.0032387108892574443,0.0015,ASSUMED_COST,0.0017387108892574442,5,0.5462962962962963,0.010661333438163391,0.008231984684839157,NORMAL,61.66666666666666,1.0,40.52796876980103,159513,513100,WATCH,"{""adf_fdr"": true, ""aligned_history"": true, ""execution_readiness"": false, ""expected_edge"": false, ""half_life"": true, ""historical_win_rate"": false, ""model_readiness"": true, ""regime"": true, ""stationarity"": true, ""z"": false}",0.006611105807717648
159659-513300,159659,513300,2026-09-07,2026-09-03,300,0.0005063719462984201,-0.0009902972583463177,0.6481477900558704,1.6269369945544498,0.003500610481277791,0.1,1.0,0.002014913541712514,0.0015,ASSUMED_COST,0.0005149135417125139,6,0.56,0.003456349071211563,0.0020721462840376805,NORMAL,46.04166666666667,1.0,39.757872376397955,513300,159659,NO TRADE,"{""adf_fdr"": true, ""aligned_history"": true, ""execution_readiness"": true, ""expected_edge"": false, ""half_life"": true, ""historical_win_rate"": false, ""model_readiness"": true, ""regime"": true, ""stationarity"": true, ""z"": false}",0.013445691746907169
159696-513100,159696,513100,2026-09-07,2026-09-03,300,-0.016211589968527118,-0.011240897911876525,-0.8112763058470405,2.3000331008060217,0.00027427838996097034,0.1,1.0,0.003433048131717577,0.0015,ASSUMED_COST,0.001933048131717577,6,0.56,0.008891262359875975,0.003268525401185386,NORMAL,17.892156862745097,1.0,39.013293656189624,159696,513100,WATCH,"{""adf_fdr"": true, ""aligned_history"": true, ""execution_readiness"": false, ""expected_edge"": false, ""half_life"": true, ""historical_win_rate"": false, ""model_readiness"": true, ""regime"": true, ""stationarity"": true, ""z"": false}",0.0036204747474848087
513100-513390,513100,513390,2026-09-07,2026-09-03,300,0.02412254294474986,0.02317172591142279,0.21498887876582715,2.3700916308189455,0.015869749714168477,0.01,1.0,0.0025343325520156,0.0015,ASSUMED_COST,0.0010343325520156001,5,0.5277777777777778,0.008421880002561334,0.004436906825121824,NORMAL,57.29166666666667,1.0,38.921411611508816,513390,513100,WATCH,"{""adf_fdr"": true, ""aligned_history"": true, ""execution_readiness"": false, ""expected_edge"": false, ""half_life"": true, ""historical_win_rate"": false, ""model_readiness"": true, ""regime"": true, ""stationarity"": true, ""z"": false}",0.03273135878547248
513100-513300,513100,513300,2026-09-07,2026-09-03,300,0.021563811401018207,0.01991668316884803,0.3687824767111711,2.295681950764507,0.004152614559881311,0.06123972111949111,1.0,0.0024528323839593837,0.0015,ASSUMED_COST,0.0009528323839593836,3,0.5071428571428571,0.005881180223285489,-0.0007310014233723999,NORMAL,64.95098039215688,1.0,38.66770592448496,513300,513100,WATCH,"{""adf_fdr"": true, ""aligned_history"": true, ""execution_readiness"": false, ""expected_edge"": false, ""half_life"": true, ""historical_win_rate"": false, ""model_readiness"": true, ""regime"": true, ""stationarity"": true, ""z"": false}",0.013445691746907169
513110-513300,513110,513300,2026-09-07,2026-09-03,300,-0.0029928237123741375,-0.006031269358158276,1.056606105919004,1.8384483202373199,9.313751026743586e-05,0.048127287777343666,0.75,0.0018812728912162083,0.0015,ASSUMED_COST,0.00038127289121620824,5,0.5277777777777778,0.002743712646905262,7.395883197708472e-05,NORMAL,62.708333333333336,1.0,38.59552804626053,513300,513110,NO TRADE,"{""adf_fdr"": true, ""aligned_history"": true, ""execution_readiness"": true, ""expected_edge"": false, ""half_life"": true, ""historical_win_rate"": false, ""model_readiness"": true, ""regime"": true, ""stationarity"": true, ""z"": false}",0.0030735378388253836
159632-513110,159632,513110,2026-09-07,2026-09-03,300,0.0004662880102680733,0.0004401975935982537,0.025134999537772658,0.8309538664247577,1.7544324699261027e-09,0.07727774779145671,1.0,0.00018402930083831611,0.0015,ASSUMED_COST,-0.001315970699161684,9,0.5346153846153846,0.00012969682188152106,-0.00014588870265535995,NORMAL,62.708333333333336,1.0,38.41698717948718,513110,159632,NO TRADE,"{""adf_fdr"": true, ""aligned_history"": true, ""execution_readiness"": true, ""expected_edge"": false, ""half_life"": true, ""historical_win_rate"": false, ""model_readiness"": true, ""regime"": true, ""stationarity"": true, ""z"": false}",1.1579254301512279e-07
159632-513390,159632,513390,2026-09-07,2026-09-03,300,3.219584162558742e-05,-0.0005878255206301641,0.41136970785728366,2.5666611003669657,0.030542997321018225,0.049383650474267564,1.0,0.0018624959663217562,0.0015,ASSUMED_COST,0.0003624959663217561,3,0.4928571428571429,-0.00018092013208698002,-0.0014997074067067393,NORMAL,57.29166666666667,1.0,38.35121995924932,513390,159632,NO TRADE,"{""adf_fdr"": true, ""aligned_history"": true, ""execution_readiness"": true, ""expected_edge"": false, ""half_life"": true, ""historical_win_rate"": false, ""model_readiness"": true, ""regime"": true, ""stationarity"": true, ""z"": false}",0.05599549508853341
159941-159659,159941,159659,2026-09-07,2026-09-03,300,0.01740087524172919,0.014997816212877768,0.584100172771727,2.8629849950525172,0.00427817464674319,0.01,0.75,0.0029049514118562863,0.0015,ASSUMED_COST,0.0014049514118562863,6,0.54,0.0018757250182396836,0.0007093898223340957,NORMAL,46.04166666666667,1.0,37.79863650273536,159659,159941,WATCH,"{""adf_fdr"": true, ""aligned_history"": true, ""execution_readiness"": false, ""expected_edge"": false, ""half_life"": true, ""historical_win_rate"": false, ""model_readiness"": true, ""regime"": true, ""stationarity"": true, ""z"": false}",0.013445691746907169
513300-513390,513300,513390,2026-09-07,2026-09-03,300,0.0025587315437316516,0.0038844446465214275,-0.3107397820389505,2.0459242563020394,0.0002576185802949309,0.02959503155079107,1.0,0.0001319201753757094,0.0015,ASSUMED_COST,-0.0013680798246242906,4,0.5333333333333333,0.0062257585516111175,0.004513375225030843,NORMAL,57.29166666666667,1.0,37.271761346289125,513390,513300,NO TRADE,"{""adf_fdr"": true, ""aligned_history"": true, ""execution_readiness"": true, ""expected_edge"": false, ""half_life"": true, ""historical_win_rate"": false, ""model_readiness"": true, ""regime"": true, ""stationarity"": true, ""z"": false}",0.0036204747474848087
513110-513390,513110,513390,2026-09-07,2026-09-03,300,-0.0004340921686424859,-0.0011855776503189447,0.40933524958895445,2.1302726842939728,0.018632572867261023,0.1,1.0,0.001912003430133668,0.0015,ASSUMED_COST,0.00041200343013366803,3,0.5071428571428571,0.009823729979319186,0.00418329497129827,NORMAL,57.29166666666667,1.0,36.981809147887205,513390,513110,NO TRADE,"{""adf_fdr"": true, ""aligned_history"": true, ""execution_readiness"": true, ""expected_edge"": false, ""half_life"": true, ""historical_win_rate"": false, ""model_readiness"": true, ""regime"": true, ""stationarity"": true, ""z"": false}",0.03616911203644787
159632-513870,159632,513870,2026-09-07,2026-09-03,300,-0.0006752892290918244,-0.003732093066093744,0.9067062337495012,3.515143667551836,0.012404151563894053,0.1,0.75,0.0026244398057908716,0.0015,ASSUMED_COST,0.0011244398057908716,5,0.5277777777777778,0.002166003811417573,0.001358280202820418,NORMAL,38.541666666666664,1.0,36.768600738762316,513870,159632,NO TRADE,"{""adf_fdr"": true, ""aligned_history"": true, ""execution_readiness"": true, ""expected_edge"": false, ""half_life"": true, ""historical_win_rate"": false, ""model_readiness"": true, ""regime"": true, ""stationarity"": true, ""z"": false}",0.02793550519913625
513390-513870,513390,513870,2026-09-07,2026-09-03,300,-0.0007074850707174118,-0.002629411641485651,0.8745671716779214,1.8580747715642834,0.0007473370728471151,0.1,1.0,0.0014227892960525079,0.0015,ASSUMED_COST,-7.721070394749218e-05,7,0.5106060606060606,6.507618984003113e-05,-0.0007823995324320308,NORMAL,38.541666666666664,1.0,36.43110147196966,513870,513390,NO TRADE,"{""adf_fdr"": true, ""aligned_history"": true, ""execution_readiness"": true, ""expected_edge"": false, ""half_life"": true, ""historical_win_rate"": false, ""model_readiness"": true, ""regime"": true, ""stationarity"": true, ""z"": false}",0.004898257055125924
159941-513870,159941,513870,2026-09-07,2026-09-03,300,0.019758493661041848,0.014215549620532737,1.0732765944620009,4.1345533230756235,0.03347050071593139,0.01,0.25,0.004549300895769694,0.0015,ASSUMED_COST,0.0030493008957696937,6,0.52,0.004519487684661096,0.00022614974284768238,CAUTION,38.541666666666664,1.0,36.40396398848177,513870,159941,WATCH,"{""adf_fdr"": true, ""aligned_history"": true, ""execution_readiness"": false, ""expected_edge"": false, ""half_life"": true, ""historical_win_rate"": false, ""model_readiness"": true, ""regime"": true, ""stationarity"": true, ""z"": false}",0.059704136412201944
159632-159659,159632,159659,2026-09-07,2026-09-03,300,-0.0030329076484044842,-0.003868600684169478,0.42673321963553507,1.9397287236657716,0.041266453015859156,0.060599831605611554,0.75,7.791432164540833e-05,0.0015,ASSUMED_COST,-0.0014220856783545917,6,0.5,-3.9017785670335346e-05,-0.00018939612409224352,NORMAL,46.04166666666667,1.0,36.20342932230351,159659,159632,NO TRADE,"{""adf_fdr"": true, ""aligned_history"": true, ""execution_readiness"": true, ""expected_edge"": false, ""half_life"": true, ""historical_win_rate"": false, ""model_readiness"": true, ""regime"": true, ""stationarity"": true, ""z"": false}",0.06642892436699278
159632-513100,159632,513100,2026-09-07,2026-09-03,300,-0.02409034710312427,-0.023803049313286653,-0.054988161266366936,2.4822914102756135,0.018318367271093327,0.03154511796507442,0.75,0.000578167577225553,0.0015,ASSUMED_COST,-0.000921832422774447,5,0.5277777777777778,0.00831195503729393,0.007058938568908437,NORMAL,64.95098039215688,1.0,36.14223377637117,159632,513100,WATCH,"{""adf_fdr"": true, ""aligned_history"": true, ""execution_readiness"": false, ""expected_edge"": false, ""half_life"": true, ""historical_win_rate"": false, ""model_readiness"": true, ""regime"": true, ""stationarity"": true, ""z"": false}",0.03616911203644787
159659-513870,159659,513870,2026-09-07,2026-09-03,300,0.00235761841931266,-0.00015286225874006076,0.79894298781152,3.40529346980632,0.01006631857968403,0.042755029260348756,1.0,0.002620079227353567,0.0015,ASSUMED_COST,0.001120079227353567,8,0.5,-0.0005738480877028316,-0.002030187456190573,CAUTION,38.541666666666664,1.0,35.96517000638292,513870,159659,NO TRADE,"{""adf_fdr"": true, ""aligned_history"": true, ""execution_readiness"": true, ""expected_edge"": false, ""half_life"": true, ""historical_win_rate"": false, ""model_readiness"": true, ""regime"": true, ""stationarity"": true, ""z"": false}",0.02418763417717134
159696-513390,159696,513390,2026-09-07,2026-09-03,300,0.00791095297622274,0.011861907563451346,-0.9230110632780171,2.5304325826177623,0.0012106853891612809,0.01,1.0,0.0008337045227469614,0.0015,ASSUMED_COST,-0.0006662954772530386,5,0.5462962962962963,0.0028180900112826936,0.0016605986151441723,NORMAL,17.892156862745097,1.0,35.930679236625316,159696,513390,WATCH,"{""adf_fdr"": true, ""aligned_history"": true, ""execution_readiness"": false, ""expected_edge"": false, ""half_life"": true, ""historical_win_rate"": false, ""model_readiness"": true, ""regime"": true, ""stationarity"": true, ""z"": false}",0.006611105807717648
159659-513100,159659,513100,2026-09-07,2026-09-03,300,-0.021057439454719787,-0.020366957016830355,-0.15498694576703997,2.4020219983966933,0.0003926540138546501,0.1,0.75,0.0006614123790822379,0.0015,ASSUMED_COST,-0.0008385876209177621,4,0.5166666666666667,0.005899705314704575,-0.00014555062615828444,NORMAL,46.04166666666667,1.0,35.61513702983638,159659,513100,WATCH,"{""adf_fdr"": true, ""aligned_history"": true, ""execution_readiness"": false, ""expected_edge"": false, ""half_life"": true, ""historical_win_rate"": false, ""model_readiness"": true, ""regime"": true, ""stationarity"": true, ""z"": false}",0.004319194152401151
159659-513110,159659,513110,2026-09-07,2026-09-03,300,0.0034991956586725576,0.004216518020725264,-0.38721181514022474,1.556905903159585,0.0018186307360547184,0.01,1.0,6.333817467639707e-05,0.0015,ASSUMED_COST,-0.001436661825323603,4,0.5166666666666667,0.004113069742346544,0.0018590765080067364,NORMAL,46.04166666666667,1.0,35.604166666666664,513110,159659,NO TRADE,"{""adf_fdr"": true, ""aligned_history"": true, ""execution_readiness"": true, ""expected_edge"": false, ""half_life"": true, ""historical_win_rate"": false, ""model_readiness"": true, ""regime"": true, ""stationarity"": true, ""z"": false}",0.008573544898543672
159513-513390,159513,513390,2026-09-07,2026-09-03,300,-0.0021133235289014923,-0.001289175628982675,-0.6450515730198791,1.5405168333237949,0.00024621467174401406,0.1,0.75,0.0014269261666903389,0.0015,ASSUMED_COST,-7.307383330966118e-05,3,0.5214285714285715,0.0020981014665769084,0.0016296011996895245,NORMAL,57.29166666666667,1.0,35.55059523809524,159513,513390,NO TRADE,"{""adf_fdr"": true, ""aligned_history"": true, ""execution_readiness"": true, ""expected_edge"": false, ""half_life"": true, ""historical_win_rate"": false, ""model_readiness"": true, ""regime"": true, ""stationarity"": true, ""z"": false}",0.0036204747474848087
159513-513300,159513,513300,2026-09-07,2026-09-03,300,-0.004672055072633144,-0.005453032475820383,0.19029387877044415,3.191143402181157,0.006666518068466998,0.0700012949203092,1.0,0.0011853310260843378,0.0015,ASSUMED_COST,-0.00031466897391566225,5,0.49074074074074076,-0.00036685552407938896,-0.0007980518773091348,NORMAL,61.66666666666666,1.0,35.177737413940214,159513,513300,NO TRADE,"{""adf_fdr"": true, ""aligned_history"": true, ""execution_readiness"": true, ""expected_edge"": false, ""half_life"": true, ""historical_win_rate"": false, ""model_readiness"": true, ""regime"": true, ""stationarity"": true, ""z"": false}",0.019999554205400994
159660-513100,159660,513100,2026-09-07,2026-09-03,300,-0.024276729014836212,-0.021642666253323208,-0.5439538419119544,4.561919806666269,0.03666425360738733,0.014282753285362368,0.75,0.0028362862751874635,0.0015,ASSUMED_COST,0.0013362862751874634,5,0.5092592592592593,0.0011497085320615898,-0.0022480758845728186,NORMAL,52.5,1.0,34.69729107189673,159660,513100,WATCH,"{""adf_fdr"": true, ""aligned_history"": true, ""execution_readiness"": false, ""expected_edge"": false, ""half_life"": true, ""historical_win_rate"": false, ""model_readiness"": true, ""regime"": true, ""stationarity"": true, ""z"": false}",0.06368001942335694
513100-513110,513100,513110,2026-09-07,2026-09-03,300,0.024556635113392344,0.02380853704648197,0.12806055532740526,2.632146770920044,0.014041852023424348,0.015122260316252403,0.5,0.0006530215839536495,0.0015,ASSUMED_COST,-0.0008469784160463505,5,0.5277777777777778,0.006643687792043553,0.0004526899429436195,NORMAL,62.708333333333336,1.0,34.480649869683276,513110,513100,WATCH,"{""adf_fdr"": true, ""aligned_history"": true, ""execution_readiness"": false, ""expected_edge"": false, ""half_life"": true, ""historical_win_rate"": false, ""model_readiness"": true, ""regime"": true, ""stationarity"": true, ""z"": false}",0.029895555920838934
159660-513390,159660,513390,2026-09-07,2026-09-03,300,-0.000154186070086354,0.0013974855318141868,-1.3041280736864347,3.2306546327032746,0.0008163761758543206,0.1,1.0,0.0015042227617815768,0.0015,ASSUMED_COST,4.2227617815767445e-06,3,0.4928571428571429,-0.00277577420153846,-0.005583094286338073,NORMAL,52.5,1.0,34.02047912949919,159660,513390,NO TRADE,"{""adf_fdr"": true, ""aligned_history"": true, ""execution_readiness"": true, ""expected_edge"": false, ""half_life"": true, ""historical_win_rate"": false, ""model_readiness"": true, ""regime"": true, ""stationarity"": true, ""z"": false}",0.004898257055125924
513110-513870,513110,513870,2026-09-07,2026-09-03,300,-0.0011415772393598977,-0.004764467816882664,1.1242214624343667,3.2801706787576306,0.007481292039744311,0.1,0.75,0.0026578862741611074,0.0015,ASSUMED_COST,0.0011578862741611073,6,0.5,-0.00028927529097422114,-0.003587510940908477,NORMAL,38.541666666666664,1.0,34.016216389388596,513870,513110,NO TRADE,"{""adf_fdr"": true, ""aligned_history"": true, ""execution_readiness"": true, ""expected_edge"": false, ""half_life"": true, ""historical_win_rate"": false, ""model_readiness"": true, ""regime"": true, ""stationarity"": true, ""z"": false}",0.02027713124853934
159513-513870,159513,513870,2026-09-07,2026-09-03,300,-0.002820808599618904,-0.003969094236467456,0.43030439081270694,2.693624482912691,0.002303105221420582,0.1,1.0,4.9411226594393495e-05,0.0015,ASSUMED_COST,-0.0014505887734056065,7,0.4681818181818182,-0.0013274360030832142,-0.0023891184559138843,NORMAL,38.541666666666664,1.0,33.687136063025804,513870,159513,NO TRADE,"{""adf_fdr"": true, ""aligned_history"": true, ""execution_readiness"": true, ""expected_edge"": false, ""half_life"": true, ""historical_win_rate"": false, ""model_readiness"": true, ""regime"": true, ""stationarity"": true, ""z"": false}",0.009622336901136045
159941-159501,159941,159501,2026-09-07,2026-09-03,300,-0.008305839727999309,-0.007992076427260145,-0.05052960498313126,2.9755756532938102,0.004037534804155408,0.01,0.75,0.002394221308337891,0.0015,ASSUMED_COST,0.000894221308337891,7,0.5106060606060606,0.0034206762404734316,-0.0027450249335589354,NORMAL,12.009803921568626,1.0,33.412346067122755,159941,159501,WATCH,"{""adf_fdr"": true, ""aligned_history"": true, ""execution_readiness"": false, ""expected_edge"": false, ""half_life"": true, ""historical_win_rate"": false, ""model_readiness"": true, ""regime"": true, ""stationarity"": true, ""z"": false}",0.013445691746907169
159660-513300,159660,513300,2026-09-07,2026-09-03,300,-0.0027129176138180056,-0.0020436850671394988,-0.12943923429583473,3.7605983099782505,0.08206150517663618,0.02581324266436664,1.0,0.0014625643103268107,0.0015,ASSUMED_COST,-3.743568967318938e-05,6,0.56,0.004835156072357573,0.002177517369845451,NORMAL,52.5,1.0,32.80925211252719,159660,513300,NO TRADE,"{""adf_fdr"": false, ""aligned_history"": true, ""execution_readiness"": true, ""expected_edge"": false, ""half_life"": true, ""historical_win_rate"": false, ""model_readiness"": true, ""regime"": true, ""stationarity"": true, ""z"": false}",0.1203568742590664
513300-513870,513300,513870,2026-09-07,2026-09-03,300,0.0018512464730142397,0.00013804446121358505,0.38961209008283576,2.306356475538044,0.0007190998618616858,0.1,0.75,0.0014371108638937774,0.0015,ASSUMED_COST,-6.288913610622265e-05,3,0.5071428571428571,0.009817922704632278,0.0036629296062843392,NORMAL,38.541666666666664,1.0,32.77836392938697,513870,513300,NO TRADE,"{""adf_fdr"": true, ""aligned_history"": true, ""execution_readiness"": true, ""expected_edge"": false, ""half_life"": true, ""historical_win_rate"": false, ""model_readiness"": true, ""regime"": true, ""stationarity"": true, ""z"": false}",0.004898257055125924
159513-159696,159513,159696,2026-09-07,2026-09-03,300,-0.010024276505124233,-0.013182490797983476,0.9291478742294702,3.4051914011246023,0.008699397498289263,0.01,1.0,0.0003031157098448683,0.0015,ASSUMED_COST,-0.0011968842901551317,7,0.553030303030303,0.005921043878212297,0.0012671151363165558,NORMAL,17.892156862745097,1.0,32.641817343959666,159513,159696,WATCH,"{""adf_fdr"": true, ""aligned_history"": true, ""execution_readiness"": false, ""expected_edge"": false, ""half_life"": true, ""historical_win_rate"": false, ""model_readiness"": true, ""regime"": true, ""stationarity"": true, ""z"": false}",0.02208308595719582
159513-159632,159513,159632,2026-09-07,2026-09-03,300,-0.0021455193705270797,-0.000306963861510811,-1.2520640985439007,5.307151007931095,0.007469564789364888,0.1,0.75,0.0019725964704329154,0.0015,ASSUMED_COST,0.0004725964704329153,5,0.49074074074074076,-0.002490708895847181,-0.004419973180109281,NORMAL,61.66666666666666,1.0,32.267303886821374,159513,159632,NO TRADE,"{""adf_fdr"": true, ""aligned_history"": true, ""execution_readiness"": true, ""expected_edge"": false, ""half_life"": true, ""historical_win_rate"": false, ""model_readiness"": true, ""regime"": true, ""stationarity"": true, ""z"": false}",0.02027713124853934
159513-159659,159513,159659,2026-09-07,2026-09-03,300,-0.005178427018931564,-0.0038673337529921206,-0.47954473494572086,4.722912878838066,0.010261420560012084,0.02460727943742916,0.75,0.0021003973823357012,0.0015,ASSUMED_COST,0.0006003973823357012,7,0.5318181818181819,0.004276310376472749,0.0013671445181337462,CAUTION,46.04166666666667,1.0,31.54680799343968,159513,159659,NO TRADE,"{""adf_fdr"": true, ""aligned_history"": true, ""execution_readiness"": true, ""expected_edge"": false, ""half_life"": true, ""historical_win_rate"": false, ""model_readiness"": true, ""regime"": true, ""stationarity"": true, ""z"": false}",0.02418763417717134
159941-513300,159941,513300,2026-09-07,2026-09-03,300,0.01790724718802761,0.014177732301240635,0.9123248399699251,3.526740167003611,0.16458453743570006,0.01,0.25,0.003927224970271979,0.0015,ASSUMED_COST,0.002427224970271979,6,0.5,0.0010282266345271753,-0.0016043805840452716,CAUTION,76.7156862745098,1.0,31.04838920495105,513300,159941,WATCH,"{""adf_fdr"": false, ""aligned_history"": true, ""execution_readiness"": false, ""expected_edge"": false, ""half_life"": true, ""historical_win_rate"": false, ""model_readiness"": true, ""regime"": true, ""stationarity"": false, ""z"": false}",0.21725158941512407
159513-159660,159513,159660,2026-09-07,2026-09-03,300,-0.0019591374588151383,-0.002673494344088402,0.36044035706458444,5.779889102866062,0.012697956908698295,0.1,0.75,0.00026046856159136957,0.0015,ASSUMED_COST,-0.0012395314384086305,4,0.5166666666666667,0.003957398219085308,0.001156720395045914,NORMAL,52.5,1.0,30.275138621417426,159660,159513,NO TRADE,"{""adf_fdr"": true, ""aligned_history"": true, ""execution_readiness"": true, ""expected_edge"": false, ""half_life"": true, ""historical_win_rate"": false, ""model_readiness"": true, ""regime"": true, ""stationarity"": true, ""z"": false}",0.02793550519913625
159659-513390,159659,513390,2026-09-07,2026-09-03,300,0.0030651034900300717,0.0029842904525755262,0.0363022927108382,2.4773189968114515,0.07376323694221533,0.01,0.75,0.0018275634674208168,0.0015,ASSUMED_COST,0.0003275634674208168,3,0.5214285714285715,0.011830308314973616,0.0076800393394864126,CAUTION,46.04166666666667,1.0,30.011370382540964,513390,159659,NO TRADE,"{""adf_fdr"": false, ""aligned_history"": true, ""execution_readiness"": true, ""expected_edge"": false, ""half_life"": true, ""historical_win_rate"": false, ""model_readiness"": true, ""regime"": true, ""stationarity"": true, ""z"": false}",0.11064485541332299
159660-513870,159660,513870,2026-09-07,2026-09-03,300,-0.0008616711408037658,-0.00112449333480006,0.13210537258328628,5.748395856476537,0.007680731533537627,0.1,0.75,0.00024991670662845235,0.0015,ASSUMED_COST,-0.0012500832933715477,6,0.54,0.005422014210121286,0.0036463121611315387,NORMAL,38.541666666666664,1.0,29.958671846071,159660,513870,NO TRADE,"{""adf_fdr"": true, ""aligned_history"": true, ""execution_readiness"": true, ""expected_edge"": false, ""half_life"": true, ""historical_win_rate"": false, ""model_readiness"": true, ""regime"": true, ""stationarity"": true, ""z"": false}",0.02027713124853934
159660-513110,159660,513110,2026-09-07,2026-09-03,300,0.0002799060985561319,0.0027677591538219116,-1.316724267034569,6.432001285707078,0.039936023008330476,0.1,0.75,0.0019319160340026983,0.0015,ASSUMED_COST,0.0004319160340026983,3,0.5071428571428571,0.0036772054160137415,0.0016051023114934683,NORMAL,52.5,1.0,29.916966320847965,159660,513110,NO TRADE,"{""adf_fdr"": true, ""aligned_history"": true, ""execution_readiness"": true, ""expected_edge"": false, ""half_life"": true, ""historical_win_rate"": false, ""model_readiness"": true, ""regime"": true, ""stationarity"": true, ""z"": false}",0.06642892436699278
159941-159632,159941,159632,2026-09-07,2026-09-03,300,0.020433782890133673,0.018627981792334346,0.46063505133473354,3.2322152799529302,0.5306407145245428,0.01,0.25,0.002624370237001808,0.0015,ASSUMED_COST,0.001124370237001808,6,0.5,-5.939389109121821e-05,-0.0023812789781268704,NORMAL,72.91666666666666,1.0,29.141044837216114,159632,159941,WATCH,"{""adf_fdr"": false, ""aligned_history"": true, ""execution_readiness"": false, ""expected_edge"": false, ""half_life"": true, ""historical_win_rate"": false, ""model_readiness"": true, ""regime"": true, ""stationarity"": false, ""z"": false}",0.5867439080380694
159632-159660,159632,159660,2026-09-07,2026-09-03,300,0.0001863819117119414,-0.0024425402492372073,1.4110143699836848,7.468722385123504,0.022699628069306678,0.06749265952119768,0.75,0.001718147053170737,0.0015,ASSUMED_COST,0.00021814705317073704,5,0.5277777777777778,0.004659108954012727,0.0024311404327413424,NORMAL,52.5,1.0,29.118570046034655,159660,159632,NO TRADE,"{""adf_fdr"": true, ""aligned_history"": true, ""execution_readiness"": true, ""expected_edge"": false, ""half_life"": true, ""historical_win_rate"": false, ""model_readiness"": true, ""regime"": true, ""stationarity"": true, ""z"": false}",0.042805012930692596
159941-513390,159941,513390,2026-09-07,2026-09-03,300,0.02046597873175926,0.017490322031307917,0.5706337141980541,3.5012819395289427,0.8099431670521786,0.01,0.0,0.004037974300255483,0.0015,ASSUMED_COST,0.0025379743002554834,5,0.5092592592592593,0.0008295113311845305,-0.0013853314196300968,CAUTION,57.29166666666667,1.0,28.455666194288565,513390,159941,WATCH,"{""adf_fdr"": false, ""aligned_history"": true, ""execution_readiness"": false, ""expected_edge"": false, ""half_life"": true, ""historical_win_rate"": false, ""model_readiness"": true, ""regime"": true, ""stationarity"": false, ""z"": false}",0.8352538910225592
159941-159660,159941,159660,2026-09-07,2026-09-03,300,0.020620164801845614,0.01596392323108576,1.1202865927237673,6.674682313109365,0.14976235772580498,0.01,0.5,0.0032754360415267053,0.0015,ASSUMED_COST,0.0017754360415267053,5,0.5277777777777778,0.001987986743993199,0.0016604571010690474,NORMAL,52.5,1.0,27.109044776137033,159660,159941,WATCH,"{""adf_fdr"": false, ""aligned_history"": true, ""execution_readiness"": false, ""expected_edge"": false, ""half_life"": true, ""historical_win_rate"": false, ""model_readiness"": true, ""regime"": true, ""stationarity"": false, ""z"": false}",0.20172072673271693
159501-513100,159501,513100,2026-09-07,2026-09-03,300,0.004649275515008711,0.0030692456988497055,0.28791962508876523,5.8125399308324,0.09877109203707946,0.01,1.0,0.002780538780278668,0.0015,ASSUMED_COST,0.001280538780278668,5,0.5092592592592593,0.0034246671564265876,-0.0010426846631356721,NORMAL,12.009803921568626,1.0,26.936427937530254,513100,159501,WATCH,"{""adf_fdr"": false, ""aligned_history"": true, ""execution_readiness"": false, ""expected_edge"": false, ""half_life"": true, ""historical_win_rate"": false, ""model_readiness"": true, ""regime"": true, ""stationarity"": true, ""z"": false}",0.14171504509667923
159696-513870,159696,513870,2026-09-07,2026-09-03,300,0.0072034679055053286,0.008138110415541855,-0.25458421987703933,2.793952863314116,0.051079409313705804,0.01,0.5,0.0003997883442584454,0.0015,ASSUMED_COST,-0.0011002116557415546,6,0.52,0.001506472396260229,-0.001329869665180504,NORMAL,17.892156862745097,1.0,26.616774607131866,513870,159696,WATCH,"{""adf_fdr"": true, ""aligned_history"": true, ""execution_readiness"": false, ""expected_edge"": false, ""half_life"": true, ""historical_win_rate"": false, ""model_readiness"": true, ""regime"": true, ""stationarity"": false, ""z"": false}",0.07840095383033914
159632-159696,159632,159696,2026-09-07,2026-09-03,300,-0.007878757134597153,-0.01285933632571893,1.171011355179208,2.467331947606896,0.3698468963405137,0.01,0.25,0.0027402396272581363,0.0015,ASSUMED_COST,0.0012402396272581362,7,0.5318181818181819,0.003659705159705208,-0.0007755768508492787,NORMAL,17.892156862745097,1.0,26.082301102839896,159696,159632,WATCH,"{""adf_fdr"": false, ""aligned_history"": true, ""execution_readiness"": false, ""expected_edge"": false, ""half_life"": true, ""historical_win_rate"": false, ""model_readiness"": true, ""regime"": true, ""stationarity"": false, ""z"": false}",0.46942106073988277
159941-513110,159941,513110,2026-09-07,2026-09-03,300,0.020900070900401746,0.019270610678894712,0.38775735260754657,3.663191030863569,0.4823088101947438,0.01,0.0,0.002463060446211713,0.0015,ASSUMED_COST,0.0009630604462117129,7,0.4893939393939394,-0.0019230118443315778,-0.0028948530414152893,NORMAL,62.708333333333336,1.0,25.346258625599937,513110,159941,WATCH,"{""adf_fdr"": false, ""aligned_history"": true, ""execution_readiness"": false, ""expected_edge"": false, ""half_life"": true, ""historical_win_rate"": false, ""model_readiness"": true, ""regime"": true, ""stationarity"": false, ""z"": false}",0.5684353834438052
159659-159660,159659,159660,2026-09-07,2026-09-03,300,0.0032192895601164256,0.0011237231537651465,0.8796712826759476,8.950509242558027,0.04096374286893684,0.022242451288000873,0.75,0.0014510327651570624,0.0015,ASSUMED_COST,-4.896723484293765e-05,3,0.4928571428571429,-0.00012820249157135958,-0.0024793831206265647,NORMAL,46.04166666666667,1.0,24.966030113469134,159660,159659,NO TRADE,"{""adf_fdr"": true, ""aligned_history"": true, ""execution_readiness"": true, ""expected_edge"": false, ""half_life"": true, ""historical_win_rate"": false, ""model_readiness"": true, ""regime"": true, ""stationarity"": true, ""z"": false}",0.06642892436699278
159659-159696,159659,159696,2026-09-07,2026-09-03,300,-0.004845849486192669,-0.00970822075097038,0.9880932178816024,2.9212623519939145,0.38430955052447074,0.019766720646784287,0.75,0.0024694296393408532,0.0015,ASSUMED_COST,0.0009694296393408532,9,0.4653846153846154,-0.0014132061877789024,-0.007042105451466272,NORMAL,17.892156862745097,1.0,24.96302762134498,159696,159659,WATCH,"{""adf_fdr"": false, ""aligned_history"": true, ""execution_readiness"": false, ""expected_edge"": false, ""half_life"": true, ""historical_win_rate"": false, ""model_readiness"": true, ""regime"": true, ""stationarity"": false, ""z"": false}",0.47634813049596203
159501-159696,159501,159696,2026-09-07,2026-09-03,300,0.02086086548353583,0.011999630865168934,2.4352067194799867,10.444867075976425,0.8778258390703055,0.01,0.0,0.0025923298612745005,0.0015,ASSUMED_COST,0.0010923298612745005,4,0.48333333333333334,-0.0008215473227480273,-0.0023475631979640852,CAUTION,12.009803921568626,1.0,23.773760764310897,159696,159501,WATCH,"{""adf_fdr"": false, ""aligned_history"": true, ""execution_readiness"": false, ""expected_edge"": false, ""half_life"": true, ""historical_win_rate"": false, ""model_readiness"": true, ""regime"": true, ""stationarity"": false, ""z"": true}",0.8778258390703055
159696-513110,159696,513110,2026-09-07,2026-09-03,300,0.008345045144865226,0.013313469466352715,-1.218513614327212,2.6493729684057903,0.5005151449514293,0.01,0.0,0.0025545187856670856,0.0015,ASSUMED_COST,0.0010545187856670856,7,0.5106060606060606,0.0002064989079660364,-0.004933613961302151,NORMAL,17.892156862745097,1.0,23.494315052833542,159696,513110,WATCH,"{""adf_fdr"": false, ""aligned_history"": true, ""execution_readiness"": false, ""expected_edge"": false, ""half_life"": true, ""historical_win_rate"": false, ""model_readiness"": true, ""regime"": true, ""stationarity"": false, ""z"": false}",0.5795438520490235
159513-513110,159513,513110,2026-09-07,2026-09-03,300,-0.0016792313602590064,-6.598526061794494e-05,-0.824697448639104,5.437900420461608,0.1417095992583055,0.1,0.5,0.001912189913482915,0.0015,ASSUMED_COST,0.00041218991348291505,4,0.48333333333333334,-0.00342354273538653,-0.008248956708877013,NORMAL,61.66666666666666,1.0,23.128020127512393,159513,513110,NO TRADE,"{""adf_fdr"": false, ""aligned_history"": true, ""execution_readiness"": true, ""expected_edge"": false, ""half_life"": true, ""historical_win_rate"": false, ""model_readiness"": true, ""regime"": true, ""stationarity"": false, ""z"": false}",0.19485069898017007
159696-513300,159696,513300,2026-09-07,2026-09-03,300,0.005352221432491089,0.008114765835468385,-0.7266174526716436,1.4339128412060453,0.38973937949669624,0.01,0.25,0.00111014311624968,0.0015,ASSUMED_COST,-0.00038985688375031994,7,0.5106060606060606,0.0029479497834759573,-0.0009849984059941406,NORMAL,17.892156862745097,1.0,22.75530289124729,159696,513300,WATCH,"{""adf_fdr"": false, ""aligned_history"": true, ""execution_readiness"": false, ""expected_edge"": false, ""half_life"": true, ""historical_win_rate"": false, ""model_readiness"": true, ""regime"": true, ""stationarity"": false, ""z"": false}",0.47634813049596203
159501-159513,159501,159513,2026-09-07,2026-09-03,300,0.03088514198866006,0.02580593794718438,0.7296903804650433,7.935919928216804,0.19537446848130913,0.01,0.5,0.0035962979795047326,0.0015,ASSUMED_COST,0.0020962979795047325,6,0.52,0.0038308124617678647,-0.0031826047987612276,NORMAL,12.009803921568626,1.0,22.43213405609718,159513,159501,WATCH,"{""adf_fdr"": false, ""aligned_history"": true, ""execution_readiness"": false, ""expected_edge"": false, ""half_life"": true, ""historical_win_rate"": false, ""model_readiness"": true, ""regime"": true, ""stationarity"": false, ""z"": false}",0.2528375474464
159501-513390,159501,513390,2026-09-07,2026-09-03,300,0.02877181845975857,0.025304580058393367,0.586936165421371,7.1601318501954445,0.5334035527618812,0.01,0.0,0.003316712958305979,0.0015,ASSUMED_COST,0.0018167129583059791,5,0.5092592592592593,0.008583565683322915,-0.010479538300104894,NORMAL,12.009803921568626,1.0,18.9612039245583,513390,159501,WATCH,"{""adf_fdr"": false, ""aligned_history"": true, ""execution_readiness"": false, ""expected_edge"": false, ""half_life"": true, ""historical_win_rate"": false, ""model_readiness"": true, ""regime"": true, ""stationarity"": false, ""z"": false}",0.5867439080380694
159501-513300,159501,513300,2026-09-07,2026-09-03,300,0.026213086916026918,0.0211501932443404,1.0983852470750486,6.5789588587691865,0.8716330485736643,0.01,0.0,0.0035727439411094297,0.0015,ASSUMED_COST,0.0020727439411094297,3,0.5214285714285715,0.005748108323377079,0.003381739626637183,NORMAL,12.009803921568626,1.0,18.36692693410193,513300,159501,WATCH,"{""adf_fdr"": false, ""aligned_history"": true, ""execution_readiness"": false, ""expected_edge"": false, ""half_life"": true, ""historical_win_rate"": false, ""model_readiness"": true, ""regime"": true, ""stationarity"": false, ""z"": false}",0.8778258390703055
159660-159696,159660,159696,2026-09-07,2026-09-03,300,-0.008065139046309094,-0.010478969834401199,0.5097211937850071,6.607931269268346,0.11516094869277271,0.01,0.5,0.00037569372619362766,0.0015,ASSUMED_COST,-0.0011243062738063724,4,0.5166666666666667,0.0038532229963751954,0.0014557355465626433,NORMAL,17.892156862745097,1.0,17.56767851513819,159660,159696,WATCH,"{""adf_fdr"": false, ""aligned_history"": true, ""execution_readiness"": false, ""expected_edge"": false, ""half_life"": true, ""historical_win_rate"": false, ""model_readiness"": true, ""regime"": true, ""stationarity"": false, ""z"": false}",0.1617153747600638
159501-513110,159501,513110,2026-09-07,2026-09-03,300,0.029205910628401055,0.026970469428038452,0.4230869019269959,7.854282921414826,0.5185511794172366,0.01,0.0,0.0021699314751266185,0.0015,ASSUMED_COST,0.0006699314751266185,4,0.5333333333333333,0.005072233782978832,0.0017610063980596237,NORMAL,12.009803921568626,1.0,16.27233964375034,513110,159501,WATCH,"{""adf_fdr"": false, ""aligned_history"": true, ""execution_readiness"": false, ""expected_edge"": false, ""half_life"": true, ""historical_win_rate"": false, ""model_readiness"": true, ""regime"": true, ""stationarity"": false, ""z"": false}",0.5867439080380694
159501-159632,159501,159632,2026-09-07,2026-09-03,300,0.02873962261813298,0.026369788942037807,0.42301035074188714,7.99454621347619,0.588448630778678,0.01,0.0,0.002130314495184027,0.0015,ASSUMED_COST,0.0006303144951840269,5,0.5277777777777778,0.0038007135575942055,0.0018719818473182394,NORMAL,12.009803921568626,1.0,14.282420664440641,159632,159501,WATCH,"{""adf_fdr"": false, ""aligned_history"": true, ""execution_readiness"": false, ""expected_edge"": false, ""half_life"": true, ""historical_win_rate"": false, ""model_readiness"": true, ""regime"": true, ""stationarity"": false, ""z"": false}",0.6366821251047992
159501-159659,159501,159659,2026-09-07,2026-09-03,300,0.025706714969728497,0.023117328316559438,0.6737791610652214,9.661124997997707,0.6771264997976141,0.01,0.0,0.0016955173310451294,0.0015,ASSUMED_COST,0.00019551733104512933,4,0.5,0.001239150257433154,-0.005616212131003661,NORMAL,12.009803921568626,1.0,12.751033899768975,159659,159501,WATCH,"{""adf_fdr"": false, ""aligned_history"": true, ""execution_readiness"": false, ""expected_edge"": false, ""half_life"": true, ""historical_win_rate"": false, ""model_readiness"": true, ""regime"": true, ""stationarity"": false, ""z"": false}",0.7207929784771937
159501-513870,159501,513870,2026-09-07,2026-09-03,300,0.028064333389041157,0.021844644394516652,0.9891750305252348,9.799653438570223,0.6880296612736849,0.01,0.0,0.0028528198120310808,0.0015,ASSUMED_COST,0.0013528198120310807,6,0.48,-0.0019383575431942677,-0.0038008445645085747,NORMAL,12.009803921568626,1.0,12.36978820234217,513870,159501,WATCH,"{""adf_fdr"": false, ""aligned_history"": true, ""execution_readiness"": false, ""expected_edge"": false, ""half_life"": true, ""historical_win_rate"": false, ""model_readiness"": true, ""regime"": true, ""stationarity"": false, ""z"": false}",0.7207929784771937
159501-159660,159501,159660,2026-09-07,2026-09-03,300,0.028926004529844923,0.02492347053897013,0.6335046347996912,12.864208632865155,0.4263377719293509,0.01,0.0,0.002144670006120432,0.0015,ASSUMED_COST,0.0006446700061204318,4,0.5166666666666667,0.002726611172417461,6.900968983933461e-05,NORMAL,12.009803921568626,1.0,11.13534875817904,159660,159501,WATCH,"{""adf_fdr"": false, ""aligned_history"": true, ""execution_readiness"": false, ""expected_edge"": false, ""half_life"": false, ""historical_win_rate"": false, ""model_readiness"": true, ""regime"": true, ""stationarity"": false, ""z"": false}",0.511605326315221
